Dominio,Problema,Delta,Risolto,Stati Raggiungibili,Azioni,Durata Piano,Comp-Time,CPU-Time
Linear-Car,instance_1_30.0_0.1_10.0.pddl,1,true,300434,630825,35.00,6.53,18.00
Linear-Car,instance_1_30.0_0.1_10.0.pddl,2,true,51416,79739,36.01,3.96,6.12
Linear-Car,instance_1_30.0_0.1_10.0.pddl,3,false,,,,3.79,
Linear-Car,instance_1_30.0_0.1_10.0.pddl,5,true,2555,3090,35.00,5.12,6.46
Linear-Car,instance_1_30.0_0.1_10.0.pddl,10,true,704,792,40.00,4.79,6.25
Linear-Car,instance_1_30.0_0.1_10.0.pddl,20,false,,,,4.63,
Linear-Car,instance_1_30.0_0.1_10.0.pddl,30,false,,,,5.48,
Linear-Car,instance_1_30.0_0.1_10.0.pddl,50,false,,,,5.96,
Linear-Car,instance_1_30.0_0.1_10.0.pddl,100,false,,,,5.28,
Linear-Car,instance_2_30.0_0.1_10.0.pddl,1,true,680917,1539191,25.01,5.14,18.33
Linear-Car,instance_2_30.0_0.1_10.0.pddl,2,true,128508,208133,26.01,4.78,9.33
Linear-Car,instance_2_30.0_0.1_10.0.pddl,3,true,402024,586588,39.02,4.41,15.59
Linear-Car,instance_2_30.0_0.1_10.0.pddl,5,true,5616,7093,25.01,5.58,6.93
Linear-Car,instance_2_30.0_0.1_10.0.pddl,10,true,1004,1146,30.00,5.33,7.44
Linear-Car,instance_2_30.0_0.1_10.0.pddl,20,true,479,529,40.01,5.25,6.94
Linear-Car,instance_2_30.0_0.1_10.0.pddl,30,false,,,,5.66,
Linear-Car,instance_2_30.0_0.1_10.0.pddl,50,false,,,,6.18,
Linear-Car,instance_2_30.0_0.1_10.0.pddl,100,false,,,,6.91,
Linear-Car,instance_3_30.0_0.1_10.0.pddl,1,true,1258990,2921394,20.01,5.97,31.47
Linear-Car,instance_3_30.0_0.1_10.0.pddl,2,true,186873,306910,20.01,5.29,10.47
Linear-Car,instance_3_30.0_0.1_10.0.pddl,3,true,353242,518025,27.02,6.07,15.71
Linear-Car,instance_3_30.0_0.1_10.0.pddl,5,true,9636,12227,20.01,5.25,6.96
Linear-Car,instance_3_30.0_0.1_10.0.pddl,10,true,1163,1364,20.01,5.38,6.95
Linear-Car,instance_3_30.0_0.1_10.0.pddl,20,true,766,841,40.01,5.87,7.25
Linear-Car,instance_3_30.0_0.1_10.0.pddl,30,false,,,,4.64,
Linear-Car,instance_3_30.0_0.1_10.0.pddl,50,false,,,,4.96,
Linear-Car,instance_3_30.0_0.1_10.0.pddl,100,false,,,,5.20,
Linear-Car,instance_4_30.0_0.1_10.0.pddl,1,true,2216500,5218007,19.01,4.99,61.25
Linear-Car,instance_4_30.0_0.1_10.0.pddl,2,true,340092,561707,20.01,4.54,14.11
Linear-Car,instance_4_30.0_0.1_10.0.pddl,3,true,682755,1010977,27.02,5.85,21.56
Linear-Car,instance_4_30.0_0.1_10.0.pddl,5,true,16282,20801,20.01,4.96,6.50
Linear-Car,instance_4_30.0_0.1_10.0.pddl,10,true,1687,1991,20.01,4.89,6.54
Linear-Car,instance_4_30.0_0.1_10.0.pddl,20,true,1094,1196,40.01,4.48,5.79
Linear-Car,instance_4_30.0_0.1_10.0.pddl,30,false,,,,5.15,
Linear-Car,instance_4_30.0_0.1_10.0.pddl,50,false,,,,4.63,
Linear-Car,instance_4_30.0_0.1_10.0.pddl,100,false,,,,4.91,
Linear-Car,instance_5_30.0_0.1_10.0.pddl,1,true,3278407,7770111,18.01,4.52,85.25
Linear-Car,instance_5_30.0_0.1_10.0.pddl,2,true,484112,804615,18.01,5.46,18.15
Linear-Car,instance_5_30.0_0.1_10.0.pddl,3,true,1093631,1627633,27.02,5.84,32.83
Linear-Car,instance_5_30.0_0.1_10.0.pddl,5,true,23080,29617,20.01,5.32,7.11
Linear-Car,instance_5_30.0_0.1_10.0.pddl,10,true,2176,2576,20.01,6.03,7.56
Linear-Car,instance_5_30.0_0.1_10.0.pddl,20,true,1449,1575,40.01,5.13,6.62
Linear-Car,instance_5_30.0_0.1_10.0.pddl,30,false,,,,4.80,
Linear-Car,instance_5_30.0_0.1_10.0.pddl,50,false,,,,5.41,
Linear-Car,instance_5_30.0_0.1_10.0.pddl,100,false,,,,4.93,
Linear-Car,instance_6_30.0_0.1_10.0.pddl,1,true,4345657,10331004,18.01,4.69,100.35
Linear-Car,instance_6_30.0_0.1_10.0.pddl,2,true,638953,1061984,18.01,4.50,20.23
Linear-Car,instance_6_30.0_0.1_10.0.pddl,3,true,259033,376786,21.01,5.06,12.65
Linear-Car,instance_6_30.0_0.1_10.0.pddl,5,true,29169,37494,20.01,4.79,6.85
Linear-Car,instance_6_30.0_0.1_10.0.pddl,10,true,2624,3110,20.01,4.54,5.81
Linear-Car,instance_6_30.0_0.1_10.0.pddl,20,true,1820,1974,40.01,5.15,6.42
Linear-Car,instance_6_30.0_0.1_10.0.pddl,30,false,,,,4.46,
Linear-Car,instance_6_30.0_0.1_10.0.pddl,50,false,,,,5.65,
Linear-Car,instance_6_30.0_0.1_10.0.pddl,100,false,,,,5.45,
Linear-Car,instance_7_30.0_0.1_10.0.pddl,1,true,5362584,12763444,18.01,6.59,144.62
Linear-Car,instance_7_30.0_0.1_10.0.pddl,2,true,770430,1283098,18.01,4.96,22.12
Linear-Car,instance_7_30.0_0.1_10.0.pddl,3,true,315836,459925,21.01,4.98,12.88
Linear-Car,instance_7_30.0_0.1_10.0.pddl,5,true,34675,44635,20.01,5.03,7.35
Linear-Car,instance_7_30.0_0.1_10.0.pddl,10,true,3018,3579,20.01,5.46,6.87
Linear-Car,instance_7_30.0_0.1_10.0.pddl,20,true,2200,2386,40.01,5.33,6.99
Linear-Car,instance_7_30.0_0.1_10.0.pddl,30,false,,,,5.52,
Linear-Car,instance_7_30.0_0.1_10.0.pddl,50,false,,,,5.23,
Linear-Car,instance_7_30.0_0.1_10.0.pddl,100,false,,,,5.88,
Linear-Car,instance_8_30.0_0.1_10.0.pddl,1,true,6303729,15006977,18.01,5.32,126.04
Linear-Car,instance_8_30.0_0.1_10.0.pddl,2,true,889790,1481561,18.01,4.95,26.11
Linear-Car,instance_8_30.0_0.1_10.0.pddl,3,true,367041,534589,21.01,5.09,14.67
Linear-Car,instance_8_30.0_0.1_10.0.pddl,5,true,39532,50938,20.01,4.80,6.96
Linear-Car,instance_8_30.0_0.1_10.0.pddl,10,true,3355,3985,20.01,5.38,7.83
Linear-Car,instance_8_30.0_0.1_10.0.pddl,20,true,2575,2796,40.01,5.11,6.48
Linear-Car,instance_8_30.0_0.1_10.0.pddl,30,false,,,,5.87,
Linear-Car,instance_8_30.0_0.1_10.0.pddl,50,false,,,,5.34,
Linear-Car,instance_8_30.0_0.1_10.0.pddl,100,false,,,,5.40,
Linear-Car,instance_9_30.0_0.1_10.0.pddl,1,true,7159933,17041779,18.01,6.61,175.58
Linear-Car,instance_9_30.0_0.1_10.0.pddl,2,true,995023,1657886,18.01,5.30,28.27
Linear-Car,instance_9_30.0_0.1_10.0.pddl,3,true,410014,597312,21.01,5.20,15.88
Linear-Car,instance_9_30.0_0.1_10.0.pddl,5,true,43789,56472,20.01,5.35,7.89
Linear-Car,instance_9_30.0_0.1_10.0.pddl,10,true,3636,4320,20.01,5.41,6.97
Linear-Car,instance_9_30.0_0.1_10.0.pddl,20,true,2934,3190,40.01,5.55,7.13
Linear-Car,instance_9_30.0_0.1_10.0.pddl,30,false,,,,5.90,
Linear-Car,instance_9_30.0_0.1_10.0.pddl,50,false,,,,5.62,
Linear-Car,instance_9_30.0_0.1_10.0.pddl,100,false,,,,6.18,
Linear-Car,instance_10_30.0_0.1_10.0.pddl,1,true,7929359,18863299,18.01,3.95,175.33
Linear-Car,instance_10_30.0_0.1_10.0.pddl,2,true,1088375,1812312,18.01,5.70,33.71
Linear-Car,instance_10_30.0_0.1_10.0.pddl,3,true,449163,654621,21.01,5.58,16.08
Linear-Car,instance_10_30.0_0.1_10.0.pddl,5,true,47389,61019,20.01,5.84,8.08
Linear-Car,instance_10_30.0_0.1_10.0.pddl,10,true,3857,4568,20.01,4.50,6.45
Linear-Car,instance_10_30.0_0.1_10.0.pddl,20,true,3276,3566,40.01,6.38,7.80
Linear-Car,instance_10_30.0_0.1_10.0.pddl,30,false,,,,5.48,
Linear-Car,instance_10_30.0_0.1_10.0.pddl,50,false,,,,8.16,
Linear-Car,instance_10_30.0_0.1_10.0.pddl,100,false,,,,5.00,
Linear-Car-2,p01.pddl,1,true,3664196,8083001,64.01,6.36,71.59
Linear-Car-2,p01.pddl,2,false,,,,4.37,
Linear-Car-2,p01.pddl,3,false,,,,3.79,
Linear-Car-2,p01.pddl,5,false,,,,4.33,
Linear-Car-2,p01.pddl,10,false,,,,3.99,
Linear-Car-2,p01.pddl,20,false,,,,4.19,
Linear-Car-2,p01.pddl,30,false,,,,4.04,
Linear-Car-2,p01.pddl,50,false,,,,4.19,
Linear-Car-2,p01.pddl,100,false,,,,3.94,
Linear-Car-2,p02.pddl,1,true,6703209,16107170,46.01,7.00,215.07
Linear-Car-2,p02.pddl,2,true,5419949,9299541,54.02,4.44,111.81
Linear-Car-2,p02.pddl,3,false,,,,4.21,
Linear-Car-2,p02.pddl,5,true,1398947,1809673,80.02,6.03,37.79
Linear-Car-2,p02.pddl,10,false,,,,5.33,
Linear-Car-2,p02.pddl,20,false,,,,4.72,
Linear-Car-2,p02.pddl,30,false,,,,4.57,
Linear-Car-2,p02.pddl,50,false,,,,4.38,
Linear-Car-2,p02.pddl,100,false,,,,4.55,
Linear-Car-2,p03.pddl,1,true,10719857,26548579,37.01,5.62,221.69
Linear-Car-2,p03.pddl,2,true,10249685,18041775,46.02,4.38,235.62
Linear-Car-2,p03.pddl,3,true,5695690,8590341,51.02,4.47,126.77
Linear-Car-2,p03.pddl,5,true,2004439,2627763,60.02,4.41,44.71
Linear-Car-2,p03.pddl,10,true,455853,531137,80.02,4.42,14.21
Linear-Car-2,p03.pddl,20,false,,,,4.37,
Linear-Car-2,p03.pddl,30,false,,,,4.40,
Linear-Car-2,p03.pddl,50,false,,,,4.36,
Linear-Car-2,p03.pddl,100,false,,,,4.37,
Linear-Car-2,p04.pddl,1,true,17009710,42757630,32.01,3.75,288.28
Linear-Car-2,p04.pddl,2,true,10420506,18435477,40.02,4.45,234.05
Linear-Car-2,p04.pddl,3,true,4768196,7212982,42.02,4.51,102.67
Linear-Car-2,p04.pddl,5,true,1885296,2482291,45.02,4.51,41.74
Linear-Car-2,p04.pddl,10,true,1081124,1265391,70.03,4.48,26.70
Linear-Car-2,p04.pddl,20,false,,,,4.45,
Linear-Car-2,p04.pddl,30,false,,,,4.50,
Linear-Car-2,p04.pddl,50,false,,,,4.73,
Linear-Car-2,p04.pddl,100,false,,,,4.72,
Linear-Car-2,p05.pddl,1,false,,,,3.74,
Linear-Car-2,p05.pddl,2,false,,,,4.79,
Linear-Car-2,p05.pddl,3,true,6640267,10091107,36.02,4.93,150.32
Linear-Car-2,p05.pddl,5,true,2690879,3556071,45.02,4.76,59.54
Linear-Car-2,p05.pddl,10,true,2379653,2798213,70.03,4.61,52.76
Linear-Car-2,p05.pddl,20,false,,,,4.67,
Linear-Car-2,p05.pddl,30,false,,,,4.85,
Linear-Car-2,p05.pddl,50,false,,,,4.77,
Linear-Car-2,p05.pddl,100,false,,,,4.65,
Linear-Car-2,p06.pddl,1,false,,,,5.08,
Linear-Car-2,p06.pddl,2,true,8180427,14391828,30.02,4.67,194.91
Linear-Car-2,p06.pddl,3,true,9989157,15247864,36.02,4.73,225.52
Linear-Car-2,p06.pddl,5,true,3332875,4413919,40.02,5.07,74.49
Linear-Car-2,p06.pddl,10,true,682484,805523,50.02,4.84,19.81
Linear-Car-2,p06.pddl,20,true,13639000,14956392,160.03,4.74,283.10
Linear-Car-2,p06.pddl,30,false,,,,4.71,
Linear-Car-2,p06.pddl,50,false,,,,4.86,
Linear-Car-2,p06.pddl,100,false,,,,4.87,
Linear-Car-2,p07.pddl,1,false,,,,7.19,
Linear-Car-2,p07.pddl,2,true,10576144,18644738,30.02,4.81,251.63
Linear-Car-2,p07.pddl,3,true,3909245,5894100,30.02,4.77,89.62
Linear-Car-2,p07.pddl,5,true,4703244,6241643,40.02,4.65,100.72
Linear-Car-2,p07.pddl,10,true,1016275,1202287,50.02,4.75,25.83
Linear-Car-2,p07.pddl,20,false,,,,4.64,
Linear-Car-2,p07.pddl,30,false,,,,4.81,
Linear-Car-2,p07.pddl,50,false,,,,4.80,
Linear-Car-2,p07.pddl,100,false,,,,4.95,
Linear-Car-2,p08.pddl,1,false,,,,4.04,
Linear-Car-2,p08.pddl,2,false,,,,5.07,
Linear-Car-2,p08.pddl,3,true,4863426,7338482,30.02,4.62,108.17
Linear-Car-2,p08.pddl,5,true,1302503,1719288,30.02,4.74,32.11
Linear-Car-2,p08.pddl,10,true,1008355,1196400,50.02,4.72,25.70
Linear-Car-2,p08.pddl,20,true,6636298,7323689,120.03,4.97,137.72
Linear-Car-2,p08.pddl,30,false,,,,4.59,
Linear-Car-2,p08.pddl,50,false,,,,4.77,
Linear-Car-2,p08.pddl,100,false,,,,4.74,
Linear-Car-2,p09.pddl,1,false,,,,7.30,
Linear-Car-2,p09.pddl,2,false,,,,4.75,
Linear-Car-2,p09.pddl,3,true,5669372,8562860,30.02,4.68,125.47
Linear-Car-2,p09.pddl,5,true,1323505,1745878,30.02,4.70,31.60
Linear-Car-2,p09.pddl,10,true,104109,124073,30.02,4.67,7.96
Linear-Car-2,p09.pddl,20,true,9865615,10902935,120.03,4.67,204.47
Linear-Car-2,p09.pddl,30,false,,,,4.68,
Linear-Car-2,p09.pddl,50,false,,,,4.71,
Linear-Car-2,p09.pddl,100,false,,,,4.83,
Linear-Car-2,p10.pddl,1,false,,,,6.88,
Linear-Car-2,p10.pddl,2,false,,,,4.66,
Linear-Car-2,p10.pddl,3,true,6517120,9844899,30.02,4.81,143.10
Linear-Car-2,p10.pddl,5,true,1516082,2000957,30.02,4.64,35.06
Linear-Car-2,p10.pddl,10,true,119004,141795,30.02,4.71,8.28
Linear-Car-2,p10.pddl,20,true,13787464,15254021,120.03,4.60,277.97
Linear-Car-2,p10.pddl,30,false,,,,4.66,
Linear-Car-2,p10.pddl,50,false,,,,4.71,
Linear-Car-2,p10.pddl,100,false,,,,4.75,
Linear-Car-2,p11.pddl,1,false,,,,8.71,
Linear-Car-2,p11.pddl,2,false,,,,4.64,
Linear-Car-2,p11.pddl,3,true,11319629,17093476,30.02,4.77,243.37
Linear-Car-2,p11.pddl,5,true,2579882,3408053,30.02,4.72,56.72
Linear-Car-2,p11.pddl,10,true,208948,248915,30.02,4.69,10.06
Linear-Car-2,p11.pddl,20,false,,,,4.82,
Linear-Car-2,p11.pddl,30,false,,,,4.70,
Linear-Car-2,p11.pddl,50,false,,,,4.77,
Linear-Car-2,p11.pddl,100,false,,,,4.70,
Linear-Car-2,p12.pddl,1,false,,,,6.58,
Linear-Car-2,p12.pddl,2,false,,,,4.74,
Linear-Car-2,p12.pddl,3,true,12521472,18881964,30.02,4.89,268.28
Linear-Car-2,p12.pddl,5,true,2853176,3766607,30.02,4.58,62.68
Linear-Car-2,p12.pddl,10,true,233555,278010,30.02,4.91,10.84
Linear-Car-2,p12.pddl,20,false,,,,4.77,
Linear-Car-2,p12.pddl,30,false,,,,4.74,
Linear-Car-2,p12.pddl,50,false,,,,4.69,
Linear-Car-2,p12.pddl,100,false,,,,4.71,
Linear-Car-2,p13.pddl,1,false,,,,7.64,
Linear-Car-2,p13.pddl,2,false,,,,4.66,
Linear-Car-2,p13.pddl,3,false,,,,4.71,
Linear-Car-2,p13.pddl,5,false,,,,4.74,
Linear-Car-2,p13.pddl,10,false,,,,4.87,
Linear-Car-2,p13.pddl,20,false,,,,4.65,
Linear-Car-2,p13.pddl,30,false,,,,4.87,
Linear-Car-2,p13.pddl,50,false,,,,4.71,
Linear-Car-2,p13.pddl,100,false,,,,4.81,
Linear-Car-2,p14.pddl,1,false,,,,3.90,
Linear-Car-2,p14.pddl,2,false,,,,4.80,
Linear-Car-2,p14.pddl,3,true,6287794,9367055,78.02,4.77,150.54
Linear-Car-2,p14.pddl,5,true,2826711,3666352,95.02,4.91,67.88
Linear-Car-2,p14.pddl,10,false,,,,4.67,
Linear-Car-2,p14.pddl,20,false,,,,4.80,
Linear-Car-2,p14.pddl,30,false,,,,4.76,
Linear-Car-2,p14.pddl,50,false,,,,4.69,
Linear-Car-2,p14.pddl,100,false,,,,4.83,
Linear-Car-2,p15.pddl,1,false,,,,8.68,
Linear-Car-2,p15.pddl,2,false,,,,4.69,
Linear-Car-2,p15.pddl,3,true,9077187,13742621,60.02,4.64,210.56
Linear-Car-2,p15.pddl,5,true,5276435,6941074,75.02,4.68,121.91
Linear-Car-2,p15.pddl,10,true,1117160,1300820,100.02,4.64,29.33
Linear-Car-2,p15.pddl,20,true,197486,212915,120.02,4.59,9.90
Linear-Car-2,p15.pddl,30,false,,,,4.57,
Linear-Car-2,p15.pddl,50,false,,,,4.62,
Linear-Car-2,p15.pddl,100,false,,,,4.67,
Linear-Car-2,p16.pddl,1,false,,,,4.85,
Linear-Car-2,p16.pddl,2,false,,,,4.78,
Linear-Car-2,p16.pddl,3,false,,,,4.77,
Linear-Car-2,p16.pddl,5,true,6655609,8804833,60.02,4.75,151.19
Linear-Car-2,p16.pddl,10,true,2433871,2851087,90.02,4.78,58.86
Linear-Car-2,p16.pddl,20,true,528753,576361,120.02,6.85,20.46
Linear-Car-2,p16.pddl,30,false,,,,4.86,
Linear-Car-2,p16.pddl,50,false,,,,4.92,
Linear-Car-2,p16.pddl,100,false,,,,4.83,
Linear-Car-2,p17.pddl,1,false,,,,5.02,
Linear-Car-2,p17.pddl,2,false,,,,4.92,
Linear-Car-2,p17.pddl,3,false,,,,4.82,
Linear-Car-2,p17.pddl,5,true,8385790,11131783,55.02,4.79,187.16
Linear-Car-2,p17.pddl,10,true,5841545,6869696,90.02,4.74,133.23
Linear-Car-2,p17.pddl,20,true,1132898,1244058,120.02,4.75,30.90
Linear-Car-2,p17.pddl,30,false,,,,4.78,
Linear-Car-2,p17.pddl,50,false,,,,5.18,
Linear-Car-2,p17.pddl,100,false,,,,4.78,
Linear-Car-2,p18.pddl,1,false,,,,7.07,
Linear-Car-2,p18.pddl,2,false,,,,4.78,
Linear-Car-2,p18.pddl,3,true,11494261,17576727,42.02,4.62,263.91
Linear-Car-2,p18.pddl,5,true,10336432,13756718,50.02,4.90,228.70
Linear-Car-2,p18.pddl,10,true,1639279,1934208,60.02,4.71,39.86
Linear-Car-2,p18.pddl,20,true,247745,273903,80.02,4.77,11.54
Linear-Car-2,p18.pddl,30,false,,,,4.67,
Linear-Car-2,p18.pddl,50,false,,,,4.69,
Linear-Car-2,p18.pddl,100,false,,,,4.68,
Linear-Car-2,p19.pddl,1,false,,,,6.76,
Linear-Car-2,p19.pddl,2,false,,,,4.58,
Linear-Car-2,p19.pddl,3,false,,,,4.79,
Linear-Car-2,p19.pddl,5,false,,,,4.81,
Linear-Car-2,p19.pddl,10,true,2557982,3025261,60.02,4.79,58.88
Linear-Car-2,p19.pddl,20,true,363377,403536,80.02,4.69,13.31
Linear-Car-2,p19.pddl,30,false,,,,4.71,
Linear-Car-2,p19.pddl,50,false,,,,4.70,
Linear-Car-2,p19.pddl,100,false,,,,4.70,
Linear-Car-2,p20.pddl,1,false,,,,7.88,
Linear-Car-2,p20.pddl,2,false,,,,4.72,
Linear-Car-2,p20.pddl,3,false,,,,4.79,
Linear-Car-2,p20.pddl,5,true,5082015,6749274,40.02,4.73,112.38
Linear-Car-2,p20.pddl,10,true,3280702,3888667,60.02,4.72,72.03
Linear-Car-2,p20.pddl,20,true,488643,543611,80.02,4.63,16.09
Linear-Car-2,p20.pddl,30,false,,,,4.65,
Linear-Car-2,p20.pddl,50,false,,,,4.61,
Linear-Car-2,p20.pddl,100,false,,,,4.68,
Linear-Car-2,p21.pddl,1,false,,,,7.15,
Linear-Car-2,p21.pddl,2,false,,,,4.68,
Linear-Car-2,p21.pddl,3,false,,,,4.75,
Linear-Car-2,p21.pddl,5,true,4909534,6517037,35.02,4.66,107.41
Linear-Car-2,p21.pddl,10,true,376661,448840,40.02,4.67,13.49
Linear-Car-2,p21.pddl,20,true,25659,28564,40.02,4.64,6.56
Linear-Car-2,p21.pddl,30,true,90626,97272,90.01,4.82,8.17
Linear-Car-2,p21.pddl,50,false,,,,4.84,
Linear-Car-2,p21.pddl,100,false,,,,4.68,
Linear-Car-2,p22.pddl,1,false,,,,8.87,
Linear-Car-2,p22.pddl,2,false,,,,4.83,
Linear-Car-2,p22.pddl,3,false,,,,4.74,
Linear-Car-2,p22.pddl,5,true,5804089,7710559,35.02,4.87,126.91
Linear-Car-2,p22.pddl,10,true,442786,528263,40.02,4.85,15.38
Linear-Car-2,p22.pddl,20,true,29350,32763,40.02,4.73,6.78
Linear-Car-2,p22.pddl,30,true,112138,120350,90.01,4.69,8.38
Linear-Car-2,p22.pddl,50,false,,,,4.78,
Linear-Car-2,p22.pddl,100,false,,,,4.82,
Linear-Car-2,p23.pddl,1,false,,,,7.61,
Linear-Car-2,p23.pddl,2,false,,,,4.64,
Linear-Car-2,p23.pddl,3,false,,,,4.73,
Linear-Car-2,p23.pddl,5,true,11328232,15065689,35.02,4.69,242.55
Linear-Car-2,p23.pddl,10,true,870680,1041733,40.02,5.05,23.72
Linear-Car-2,p23.pddl,20,true,54028,61074,40.02,4.98,7.52
Linear-Car-2,p23.pddl,30,true,332439,359608,90.01,4.60,12.96
Linear-Car-2,p23.pddl,50,false,,,,4.83,
Linear-Car-2,p23.pddl,100,false,,,,4.77,
Linear-Car-2,p24.pddl,1,false,,,,5.37,
Linear-Car-2,p24.pddl,2,false,,,,4.67,
Linear-Car-2,p24.pddl,3,false,,,,4.74,
Linear-Car-2,p24.pddl,5,true,13078057,17385293,35.02,4.73,277.50
Linear-Car-2,p24.pddl,10,true,1039585,1241898,40.02,4.65,26.98
Linear-Car-2,p24.pddl,20,true,60912,68602,40.02,4.73,7.38
Linear-Car-2,p24.pddl,30,true,485807,527662,90.01,4.70,16.35
Linear-Car-2,p24.pddl,50,false,,,,4.74,
Linear-Car-2,p24.pddl,100,false,,,,4.64,
Solar-Rover,prob01.pddl,1,true,1562693,1583878,50.00,5.60,37.89
Solar-Rover,prob01.pddl,2,true,237922,241960,50.00,6.14,19.76
Solar-Rover,prob01.pddl,3,true,90680,92708,51.00,6.72,11.18
Solar-Rover,prob01.pddl,5,true,25697,26505,50.00,6.95,9.32
Solar-Rover,prob01.pddl,10,true,6502,6796,50.00,7.23,8.67
Solar-Rover,prob01.pddl,20,true,3504,3653,60.00,6.41,7.62
Solar-Rover,prob01.pddl,30,true,2088,2169,60.00,4.81,5.99
Solar-Rover,prob01.pddl,50,true,815,838,50.00,4.79,5.96
Solar-Rover,prob01.pddl,100,true,1615,1638,100.00,4.82,6.01
Solar-Rover,prob02.pddl,1,true,13644529,14018027,100.00,5.37,288.10
Solar-Rover,prob02.pddl,2,true,1964725,2016817,100.00,4.99,63.96
Solar-Rover,prob02.pddl,3,true,700747,720262,102.00,5.24,31.02
Solar-Rover,prob02.pddl,5,true,184409,189496,100.00,5.19,11.27
Solar-Rover,prob02.pddl,10,true,39437,40574,100.00,5.50,7.63
Solar-Rover,prob02.pddl,20,true,11362,11703,100.00,4.83,6.21
Solar-Rover,prob02.pddl,30,true,9214,9498,120.00,5.02,6.32
Solar-Rover,prob02.pddl,50,true,3410,3500,100.00,4.81,6.00
Solar-Rover,prob02.pddl,100,true,1615,1638,100.00,4.94,6.13
Solar-Rover,prob03.pddl,1,false,,,,6.10,
Solar-Rover,prob03.pddl,2,true,4584280,4747851,150.00,5.07,159.81
Solar-Rover,prob03.pddl,3,true,1546966,1602817,150.00,4.94,49.53
Solar-Rover,prob03.pddl,5,true,424760,439137,150.00,4.99,15.96
Solar-Rover,prob03.pddl,10,true,89644,92510,150.00,4.84,7.96
Solar-Rover,prob03.pddl,20,true,28383,29221,160.00,5.32,7.41
Solar-Rover,prob03.pddl,30,true,14099,14534,150.00,5.59,7.15
Solar-Rover,prob03.pddl,50,true,7624,7812,150.00,4.99,6.25
Solar-Rover,prob03.pddl,100,true,6347,6443,200.00,5.22,6.62
Solar-Rover,prob04.pddl,1,false,,,,5.64,
Solar-Rover,prob04.pddl,2,true,7206005,7483101,200.00,6.15,212.80
Solar-Rover,prob04.pddl,3,true,2446215,2541217,201.00,6.08,74.34
Solar-Rover,prob04.pddl,5,true,665700,689607,200.00,5.92,22.81
Solar-Rover,prob04.pddl,10,true,140189,144880,200.00,4.80,9.32
Solar-Rover,prob04.pddl,20,true,39941,41149,200.00,5.54,8.08
Solar-Rover,prob04.pddl,30,true,24097,24854,210.00,5.96,7.55
Solar-Rover,prob04.pddl,50,true,12433,12734,200.00,5.41,6.76
Solar-Rover,prob04.pddl,100,true,6347,6443,200.00,4.91,6.15
Solar-Rover,prob05.pddl,1,false,,,,5.26,
Solar-Rover,prob05.pddl,2,true,9827730,10218351,250.00,4.89,293.27
Solar-Rover,prob05.pddl,3,true,3345464,3479617,252.00,5.38,107.63
Solar-Rover,prob05.pddl,5,true,906640,940077,250.00,7.48,33.99
Solar-Rover,prob05.pddl,10,true,190734,197250,250.00,5.35,11.06
Solar-Rover,prob05.pddl,20,true,57278,59041,260.00,4.87,7.10
Solar-Rover,prob05.pddl,30,true,34095,35174,270.00,4.96,7.66
Solar-Rover,prob05.pddl,50,true,17252,17672,250.00,5.47,7.11
Solar-Rover,prob05.pddl,100,true,12358,12551,300.00,5.41,7.45
Solar-Rover,prob06.pddl,1,false,,,,0.20,
Solar-Rover,prob06.pddl,2,false,,,,0.23,
Solar-Rover,prob06.pddl,3,false,,,,0.22,
Solar-Rover,prob06.pddl,5,false,,,,0.18,
Solar-Rover,prob06.pddl,10,false,,,,0.16,
Solar-Rover,prob06.pddl,20,false,,,,0.15,
Solar-Rover,prob06.pddl,30,false,,,,0.18,
Solar-Rover,prob06.pddl,50,false,,,,0.15,
Solar-Rover,prob06.pddl,100,false,,,,0.14,
Solar-Rover,prob07.pddl,1,false,,,,5.30,
Solar-Rover,prob07.pddl,2,false,,,,9.23,
Solar-Rover,prob07.pddl,3,true,5091065,5301217,351.00,6.45,163.27
Solar-Rover,prob07.pddl,5,true,1388520,1441017,350.00,6.26,49.75
Solar-Rover,prob07.pddl,10,true,291824,301990,350.00,6.70,16.06
Solar-Rover,prob07.pddl,20,true,86173,88861,360.00,6.35,9.65
Solar-Rover,prob07.pddl,30,true,49092,50654,360.00,7.52,10.84
Solar-Rover,prob07.pddl,50,true,26890,27548,350.00,6.24,8.38
Solar-Rover,prob07.pddl,100,true,18377,18672,400.00,8.03,10.24
Solar-Rover,prob08.pddl,1,false,,,,5.23,
Solar-Rover,prob08.pddl,2,false,,,,7.34,
Solar-Rover,prob08.pddl,3,true,5990314,6239617,402.00,8.44,236.37
Solar-Rover,prob08.pddl,5,true,1629460,1691487,400.00,7.62,56.30
Solar-Rover,prob08.pddl,10,true,342369,354360,400.00,5.35,13.81
Solar-Rover,prob08.pddl,20,true,97731,100789,400.00,4.88,8.18
Solar-Rover,prob08.pddl,30,true,59090,60974,420.00,4.98,7.22
Solar-Rover,prob08.pddl,50,true,31709,32486,400.00,5.29,7.00
Solar-Rover,prob08.pddl,100,true,18377,18672,400.00,5.28,6.73
Solar-Rover,prob09.pddl,1,false,,,,5.50,
Solar-Rover,prob09.pddl,2,false,,,,5.06,
Solar-Rover,prob09.pddl,3,true,6836666,7122817,450.00,6.24,204.10
Solar-Rover,prob09.pddl,5,true,1870400,1941957,450.00,5.03,50.57
Solar-Rover,prob09.pddl,10,true,392914,406730,450.00,4.97,14.66
Solar-Rover,prob09.pddl,20,true,115068,118681,460.00,4.94,8.37
Solar-Rover,prob09.pddl,30,true,64089,66134,450.00,5.00,7.34
Solar-Rover,prob09.pddl,50,true,36528,37424,450.00,4.97,6.74
Solar-Rover,prob09.pddl,100,true,24396,24793,500.00,4.89,6.43
Solar-Rover,prob10.pddl,1,false,,,,5.34,
Solar-Rover,prob10.pddl,2,false,,,,4.99,
Solar-Rover,prob10.pddl,3,true,7735915,8061217,501.00,6.13,235.85
Solar-Rover,prob10.pddl,5,true,2111340,2192427,500.00,5.13,57.70
Solar-Rover,prob10.pddl,10,true,443459,459100,500.00,4.95,15.99
Solar-Rover,prob10.pddl,20,true,126626,130609,500.00,4.99,8.75
Solar-Rover,prob10.pddl,30,true,74087,76454,510.00,5.14,8.40
Solar-Rover,prob10.pddl,50,true,41347,42362,500.00,5.69,7.78
Solar-Rover,prob10.pddl,100,true,24396,24793,500.00,5.39,7.01
Solar-Rover,prob11.pddl,1,false,,,,5.34,
Solar-Rover,prob11.pddl,2,false,,,,5.39,
Solar-Rover,prob11.pddl,3,true,8635164,8999617,552.00,5.07,234.17
Solar-Rover,prob11.pddl,5,true,2352280,2442897,550.00,5.19,63.68
Solar-Rover,prob11.pddl,10,true,494004,511470,550.00,5.55,17.74
Solar-Rover,prob11.pddl,20,true,143963,148501,560.00,5.12,9.44
Solar-Rover,prob11.pddl,30,true,84085,86774,570.00,5.12,8.03
Solar-Rover,prob11.pddl,50,true,46166,47300,550.00,5.23,7.45
Solar-Rover,prob11.pddl,100,true,30415,30914,600.00,6.31,8.08
Solar-Rover,prob12.pddl,1,false,,,,5.48,
Solar-Rover,prob12.pddl,2,false,,,,5.22,
Solar-Rover,prob12.pddl,3,false,,,,9.21,
Solar-Rover,prob12.pddl,5,true,2593220,2693367,600.00,8.07,99.22
Solar-Rover,prob12.pddl,10,true,544549,563840,600.00,7.25,24.59
Solar-Rover,prob12.pddl,20,true,155521,160429,600.00,6.23,11.89
Solar-Rover,prob12.pddl,30,true,89084,91934,600.00,8.94,12.71
Solar-Rover,prob12.pddl,50,true,50985,52238,600.00,7.12,10.39
Solar-Rover,prob12.pddl,100,true,30415,30914,600.00,7.46,9.39
Solar-Rover,prob13.pddl,1,false,,,,5.53,
Solar-Rover,prob13.pddl,2,false,,,,7.51,
Solar-Rover,prob13.pddl,3,false,,,,7.46,
Solar-Rover,prob13.pddl,5,true,2834160,2943837,650.00,7.36,93.94
Solar-Rover,prob13.pddl,10,true,595094,616210,650.00,5.00,19.82
Solar-Rover,prob13.pddl,20,true,172858,178321,660.00,5.33,10.27
Solar-Rover,prob13.pddl,30,true,99082,102254,660.00,5.19,8.25
Solar-Rover,prob13.pddl,50,true,55804,57176,650.00,5.26,7.38
Solar-Rover,prob13.pddl,100,true,36434,37035,700.00,4.99,6.72
Solar-Rover,prob14.pddl,1,false,,,,5.22,
Solar-Rover,prob14.pddl,2,false,,,,5.37,
Solar-Rover,prob14.pddl,3,false,,,,6.06,
Solar-Rover,prob14.pddl,5,true,3075100,3194307,700.00,5.04,106.26
Solar-Rover,prob14.pddl,10,true,645639,668580,700.00,5.82,26.45
Solar-Rover,prob14.pddl,20,true,184416,190249,700.00,7.25,12.82
Solar-Rover,prob14.pddl,30,true,109080,112574,720.00,5.23,10.36
Solar-Rover,prob14.pddl,50,true,60623,62114,700.00,5.55,8.13
Solar-Rover,prob14.pddl,100,true,36434,37035,700.00,5.11,6.87
Solar-Rover,prob15.pddl,1,false,,,,5.67,
Solar-Rover,prob15.pddl,2,false,,,,5.19,
Solar-Rover,prob15.pddl,3,false,,,,5.29,
Solar-Rover,prob15.pddl,5,true,3316040,3444777,750.00,8.43,94.64
Solar-Rover,prob15.pddl,10,true,696184,720950,750.00,5.13,21.65
Solar-Rover,prob15.pddl,20,true,201753,208141,760.00,5.19,10.52
Solar-Rover,prob15.pddl,30,true,114079,117734,750.00,5.14,8.45
Solar-Rover,prob15.pddl,50,true,65442,67052,750.00,5.02,7.31
Solar-Rover,prob15.pddl,100,true,42453,43156,800.00,5.00,6.84
Solar-Rover,prob16.pddl,1,false,,,,5.53,
Solar-Rover,prob16.pddl,2,false,,,,4.98,
Solar-Rover,prob16.pddl,3,false,,,,4.96,
Solar-Rover,prob16.pddl,5,true,3556980,3695247,800.00,5.21,94.13
Solar-Rover,prob16.pddl,10,true,746729,773320,800.00,5.05,24.65
Solar-Rover,prob16.pddl,20,true,213311,220069,800.00,6.14,12.22
Solar-Rover,prob16.pddl,30,true,124077,128054,810.00,6.62,10.11
Solar-Rover,prob16.pddl,50,true,70261,71990,800.00,5.08,7.44
Solar-Rover,prob16.pddl,100,true,42453,43156,800.00,4.86,6.64
Solar-Rover,prob17.pddl,1,false,,,,6.54,
Solar-Rover,prob17.pddl,2,false,,,,5.29,
Solar-Rover,prob17.pddl,3,false,,,,7.16,
Solar-Rover,prob17.pddl,5,true,3797920,3945717,850.00,6.11,133.49
Solar-Rover,prob17.pddl,10,true,797274,825690,850.00,6.88,34.25
Solar-Rover,prob17.pddl,20,true,230648,237961,860.00,6.52,13.95
Solar-Rover,prob17.pddl,30,true,134075,138374,870.00,6.63,11.21
Solar-Rover,prob17.pddl,50,true,75080,76928,850.00,6.46,9.97
Solar-Rover,prob17.pddl,100,true,48472,49277,900.00,7.11,9.53
Solar-Rover,prob18.pddl,1,false,,,,5.56,
Solar-Rover,prob18.pddl,2,false,,,,7.48,
Solar-Rover,prob18.pddl,3,false,,,,6.90,
Solar-Rover,prob18.pddl,5,true,4038860,4196187,900.00,5.17,106.61
Solar-Rover,prob18.pddl,10,true,847819,878060,900.00,5.28,26.33
Solar-Rover,prob18.pddl,20,true,242206,249889,900.00,5.81,12.70
Solar-Rover,prob18.pddl,30,true,139074,143534,900.00,6.12,10.57
Solar-Rover,prob18.pddl,50,true,79899,81866,900.00,5.23,8.13
Solar-Rover,prob18.pddl,100,true,48472,49277,900.00,6.07,8.30
Solar-Rover,prob19.pddl,1,false,,,,5.47,
Solar-Rover,prob19.pddl,2,false,,,,5.74,
Solar-Rover,prob19.pddl,3,false,,,,6.47,
Solar-Rover,prob19.pddl,5,true,4279800,4446657,950.00,5.38,115.27
Solar-Rover,prob19.pddl,10,true,898364,930430,950.00,5.08,26.02
Solar-Rover,prob19.pddl,20,true,259543,267781,960.00,4.91,11.59
Solar-Rover,prob19.pddl,30,true,149072,153854,960.00,6.37,10.35
Solar-Rover,prob19.pddl,50,true,84718,86804,950.00,5.15,7.78
Solar-Rover,prob19.pddl,100,true,54491,55398,1000.00,5.22,7.84
Solar-Rover,prob20.pddl,1,false,,,,5.34,
Solar-Rover,prob20.pddl,2,false,,,,6.50,
Solar-Rover,prob20.pddl,3,false,,,,4.97,
Solar-Rover,prob20.pddl,5,true,4520740,4697127,1000.00,5.05,122.42
Solar-Rover,prob20.pddl,10,true,948909,982800,1000.00,5.14,27.59
Solar-Rover,prob20.pddl,20,true,271101,279709,1000.00,5.16,11.65
Solar-Rover,prob20.pddl,30,true,159070,164174,1020.00,5.04,9.22
Solar-Rover,prob20.pddl,50,true,89537,91742,1000.00,5.17,8.50
Solar-Rover,prob20.pddl,100,true,54491,55398,1000.00,5.72,8.10
Baxter,P4_i1.pddl,1,true,152,189,3.00,8.15,9.33
Baxter,P4_i1.pddl,2,true,69,92,3.00,8.83,10.01
Baxter,P4_i1.pddl,3,true,55,66,3.00,8.64,9.83
Baxter,P4_i1.pddl,5,true,43,54,3.00,8.12,9.53
Baxter,P4_i1.pddl,10,true,43,54,3.00,8.47,9.59
Baxter,P4_i1.pddl,20,true,43,54,3.00,8.45,9.63
Baxter,P4_i1.pddl,30,true,43,54,3.00,8.58,9.72
Baxter,P4_i1.pddl,50,true,43,54,3.00,7.81,8.94
Baxter,P4_i1.pddl,100,true,43,54,3.00,7.85,8.98
Baxter,P4_i2.pddl,1,true,53361,82462,8.00,8.21,10.43
Baxter,P4_i2.pddl,2,true,10232,14131,9.00,7.86,9.49
Baxter,P4_i2.pddl,3,true,1974,2566,8.00,7.74,8.96
Baxter,P4_i2.pddl,5,true,663,830,8.00,8.28,9.68
Baxter,P4_i2.pddl,10,true,1067,1234,15.00,12.33,14.46
Baxter,P4_i2.pddl,20,true,9100,10580,45.00,13.48,15.53
Baxter,P4_i2.pddl,30,true,1055,1222,33.00,9.26,10.48
Baxter,P4_i2.pddl,50,true,15454,16993,105.00,9.11,11.30
Baxter,P4_i2.pddl,100,true,2315,2482,105.00,9.29,11.11
Baxter,P4_i3.pddl,1,true,1301,1781,5.00,8.22,9.42
Baxter,P4_i3.pddl,2,true,322,381,5.00,7.83,9.30
Baxter,P4_i3.pddl,3,true,129,153,5.00,8.09,9.41
Baxter,P4_i3.pddl,5,true,81,92,5.00,7.86,8.99
Baxter,P4_i3.pddl,10,true,69,80,5.00,7.74,8.87
Baxter,P4_i3.pddl,20,true,69,80,5.00,7.91,9.03
Baxter,P4_i3.pddl,30,true,69,80,5.00,7.77,8.89
Baxter,P4_i3.pddl,50,true,69,80,5.00,9.85,10.98
Baxter,P4_i3.pddl,100,true,69,80,5.00,7.79,8.92
Baxter,P4_i4.pddl,1,true,1538,2123,5.00,9.21,10.36
Baxter,P4_i4.pddl,2,true,400,531,5.00,7.82,8.97
Baxter,P4_i4.pddl,3,true,207,237,5.00,7.86,9.00
Baxter,P4_i4.pddl,5,true,87,98,5.00,9.33,10.79
Baxter,P4_i4.pddl,10,true,75,86,5.00,8.73,9.89
Baxter,P4_i4.pddl,20,true,75,86,5.00,8.39,9.55
Baxter,P4_i4.pddl,30,true,75,86,5.00,8.43,9.60
Baxter,P4_i4.pddl,50,true,75,86,5.00,7.90,9.03
Baxter,P4_i4.pddl,100,true,75,86,5.00,7.83,8.99
Baxter,P4_i5.pddl,1,true,70206,108748,10.00,8.20,10.73
Baxter,P4_i5.pddl,2,true,8031,10625,10.00,8.25,10.12
Baxter,P4_i5.pddl,3,true,2457,3114,10.00,9.61,10.94
Baxter,P4_i5.pddl,5,true,739,906,10.00,7.88,9.06
Baxter,P4_i5.pddl,10,true,151,162,10.00,9.23,10.49
Baxter,P4_i5.pddl,20,true,139,150,10.00,8.65,9.81
Baxter,P4_i5.pddl,30,true,139,150,10.00,8.28,9.46
Baxter,P4_i5.pddl,50,true,139,150,10.00,8.88,10.22
Baxter,P4_i5.pddl,100,true,139,150,10.00,8.25,9.46
Baxter,P5_i1.pddl,1,true,288376,440217,11.00,8.23,16.55
Baxter,P5_i1.pddl,2,true,22478,30889,11.00,8.06,10.81
Baxter,P5_i1.pddl,3,true,6285,7762,11.00,8.24,9.87
Baxter,P5_i1.pddl,5,true,1408,1712,11.00,7.90,9.15
Baxter,P5_i1.pddl,10,true,225,256,11.00,8.02,9.17
Baxter,P5_i1.pddl,20,true,191,206,11.00,7.99,9.20
Baxter,P5_i1.pddl,30,true,191,206,11.00,8.67,9.82
Baxter,P5_i1.pddl,50,true,191,206,11.00,8.03,9.16
Baxter,P5_i1.pddl,100,true,191,206,11.00,7.86,8.99
Baxter,P5_i2.pddl,1,true,2456318,3917884,10.00,8.25,72.59
Baxter,P5_i2.pddl,2,true,157406,209586,12.00,7.87,19.07
Baxter,P5_i2.pddl,3,true,26475,34476,10.00,10.53,16.68
Baxter,P5_i2.pddl,5,true,18025,22092,16.00,9.91,13.53
Baxter,P5_i2.pddl,10,true,2171,2458,16.00,8.70,10.14
Baxter,P5_i2.pddl,20,true,2205,2492,26.00,8.52,9.90
Baxter,P5_i2.pddl,30,true,2375,2662,36.00,9.98,11.46
Baxter,P5_i2.pddl,50,true,2851,3138,56.00,11.72,13.79
Baxter,P5_i2.pddl,100,true,3565,3852,106.00,9.66,11.35
Baxter,P5_i3.pddl,1,true,11770,16078,7.00,8.15,9.54
Baxter,P5_i3.pddl,2,true,1868,2506,7.00,9.76,11.07
Baxter,P5_i3.pddl,3,true,779,1082,7.00,9.20,10.60
Baxter,P5_i3.pddl,5,true,186,217,7.00,7.99,9.15
Baxter,P5_i3.pddl,10,true,122,137,7.00,8.43,9.57
Baxter,P5_i3.pddl,20,true,122,137,7.00,8.19,9.34
Baxter,P5_i3.pddl,30,true,122,137,7.00,8.21,9.35
Baxter,P5_i3.pddl,50,true,122,137,7.00,8.38,9.54
Baxter,P5_i3.pddl,100,true,122,137,7.00,8.27,9.54
Baxter,P5_i4.pddl,1,false,,,,8.29,
Baxter,P5_i4.pddl,2,true,959529,1329019,16.00,8.41,78.41
Baxter,P5_i4.pddl,3,true,160223,208717,16.00,8.54,21.40
Baxter,P5_i4.pddl,5,true,25323,30272,17.00,7.97,11.23
Baxter,P5_i4.pddl,10,true,11649,14595,24.00,9.19,12.17
Baxter,P5_i4.pddl,20,true,1691,1978,24.00,14.48,16.45
Baxter,P5_i4.pddl,30,true,18650,21941,64.00,12.21,15.93
Baxter,P5_i4.pddl,50,true,2338,2625,54.00,10.86,12.71
Baxter,P5_i4.pddl,100,true,40229,43580,204.00,12.43,20.67
Baxter,P5_i5.pddl,1,false,,,,8.21,
Baxter,P5_i5.pddl,2,false,,,,11.54,
Baxter,P5_i5.pddl,3,false,,,,8.37,
Baxter,P5_i5.pddl,5,false,,,,10.05,
Baxter,P5_i5.pddl,10,false,,,,7.98,
Baxter,P5_i5.pddl,20,false,,,,7.99,
Baxter,P5_i5.pddl,30,false,,,,8.42,
Baxter,P5_i5.pddl,50,false,,,,7.94,
Baxter,P5_i5.pddl,100,false,,,,7.86,
Baxter,P6_i1.pddl,1,true,68190,96902,8.00,8.39,11.25
Baxter,P6_i1.pddl,2,true,8183,10043,8.00,8.46,10.23
Baxter,P6_i1.pddl,3,true,2381,2900,8.00,8.32,9.72
Baxter,P6_i1.pddl,5,true,881,1130,8.00,10.09,11.26
Baxter,P6_i1.pddl,10,true,181,200,8.00,8.86,10.02
Baxter,P6_i1.pddl,20,true,181,200,8.00,8.33,9.48
Baxter,P6_i1.pddl,30,true,181,200,8.00,10.21,11.36
Baxter,P6_i1.pddl,50,true,181,200,8.00,8.16,9.30
Baxter,P6_i1.pddl,100,true,181,200,8.00,8.44,9.58
Baxter,P6_i2.pddl,1,true,7573,10480,6.00,8.34,9.66
Baxter,P6_i2.pddl,2,true,1588,2089,6.00,9.51,10.73
Baxter,P6_i2.pddl,3,true,670,748,6.00,8.36,9.52
Baxter,P6_i2.pddl,5,true,172,211,6.00,10.20,11.81
Baxter,P6_i2.pddl,10,true,130,149,6.00,8.51,9.65
Baxter,P6_i2.pddl,20,true,130,149,6.00,8.31,9.48
Baxter,P6_i2.pddl,30,true,130,149,6.00,8.51,9.62
Baxter,P6_i2.pddl,50,true,130,149,6.00,8.10,9.22
Baxter,P6_i2.pddl,100,true,130,149,6.00,8.12,9.23
Baxter,P6_i3.pddl,1,false,,,,8.39,
Baxter,P6_i3.pddl,2,true,508175,729735,13.00,8.45,59.28
Baxter,P6_i3.pddl,3,true,82620,108826,13.00,9.68,20.73
Baxter,P6_i3.pddl,5,true,43155,51580,17.00,8.43,15.38
Baxter,P6_i3.pddl,10,true,3539,3978,17.00,8.14,9.72
Baxter,P6_i3.pddl,20,true,6084,6523,32.00,8.17,10.10
Baxter,P6_i3.pddl,30,true,2987,3426,35.00,8.43,9.95
Baxter,P6_i3.pddl,50,true,5181,5620,59.00,9.61,11.38
Baxter,P6_i3.pddl,100,true,5640,6079,107.00,8.43,10.41
Baxter,P6_i4.pddl,1,false,,,,8.34,
Baxter,P6_i4.pddl,2,false,,,,9.14,
Baxter,P6_i4.pddl,3,true,661416,912046,18.00,8.46,79.26
Baxter,P6_i4.pddl,5,true,56549,69373,18.00,8.82,15.96
Baxter,P6_i4.pddl,10,true,24721,30545,25.00,8.97,12.90
Baxter,P6_i4.pddl,20,true,86177,92295,55.00,8.09,22.22
Baxter,P6_i4.pddl,30,true,7603,8042,45.00,10.19,13.21
Baxter,P6_i4.pddl,50,true,105905,112114,115.00,8.73,24.23
Baxter,P6_i4.pddl,100,true,9073,9512,115.00,8.21,10.54
Baxter,P6_i5.pddl,1,false,,,,8.32,
Baxter,P6_i5.pddl,2,false,,,,8.01,
Baxter,P6_i5.pddl,3,true,387043,502266,17.00,8.73,47.45
Baxter,P6_i5.pddl,5,true,38849,46626,17.00,8.70,14.17
Baxter,P6_i5.pddl,10,true,9736,11318,22.00,8.60,10.81
Baxter,P6_i5.pddl,20,true,663801,726841,72.00,8.69,99.22
Baxter,P6_i5.pddl,30,true,6280,6719,42.00,8.58,10.60
Baxter,P6_i5.pddl,50,true,6574,7013,62.00,8.77,11.08
Baxter,P6_i5.pddl,100,true,7834,8273,112.00,8.97,11.23
Baxter,P7_i1.pddl,1,false,,,,8.59,
Baxter,P7_i1.pddl,2,false,,,,8.74,
Baxter,P7_i1.pddl,3,true,859538,1115809,17.00,9.24,123.67
Baxter,P7_i1.pddl,5,true,65352,78304,17.00,9.39,20.59
Baxter,P7_i1.pddl,10,true,44684,54469,25.00,9.21,17.48
Baxter,P7_i1.pddl,20,true,4101,4724,25.00,9.25,11.18
Baxter,P7_i1.pddl,30,true,8702,9325,42.00,10.28,13.50
Baxter,P7_i1.pddl,50,true,4551,5174,55.00,10.57,12.50
Baxter,P7_i1.pddl,100,true,100075,110458,205.00,8.74,27.49
Baxter,P7_i2.pddl,1,false,,,,8.60,
Baxter,P7_i2.pddl,2,false,,,,8.80,
Baxter,P7_i2.pddl,3,false,,,,9.07,
Baxter,P7_i2.pddl,5,false,,,,9.45,
Baxter,P7_i2.pddl,10,true,1130629,1288320,41.00,9.95,210.22
Baxter,P7_i2.pddl,20,false,,,,8.86,
Baxter,P7_i2.pddl,30,false,,,,8.98,
Baxter,P7_i2.pddl,50,true,83086,93465,104.00,12.11,32.50
Baxter,P7_i2.pddl,100,true,79681,82267,201.00,11.68,32.31
Baxter,P7_i3.pddl,1,false,,,,8.59,
Baxter,P7_i3.pddl,2,false,,,,12.79,
Baxter,P7_i3.pddl,3,true,852294,1109037,17.00,10.73,141.02
Baxter,P7_i3.pddl,5,true,92913,114401,18.00,12.11,29.87
Baxter,P7_i3.pddl,10,true,5450,6073,18.00,11.76,14.77
Baxter,P7_i3.pddl,20,true,5676,6299,28.00,12.61,15.19
Baxter,P7_i3.pddl,30,true,84031,94370,68.00,11.46,33.39
Baxter,P7_i3.pddl,50,true,6426,7049,58.00,13.06,18.12
Baxter,P7_i3.pddl,100,true,7676,8299,108.00,11.65,14.19
Baxter,P7_i4.pddl,1,false,,,,8.67,
Baxter,P7_i4.pddl,2,false,,,,9.22,
Baxter,P7_i4.pddl,3,false,,,,9.35,
Baxter,P7_i4.pddl,5,true,680966,839881,22.00,9.13,110.69
Baxter,P7_i4.pddl,10,true,61417,70927,25.00,8.47,19.65
Baxter,P7_i4.pddl,20,false,,,,8.89,
Baxter,P7_i4.pddl,30,true,143132,153416,72.00,8.64,48.49
Baxter,P7_i4.pddl,50,false,,,,12.78,
Baxter,P7_i4.pddl,100,true,119111,129449,205.00,12.46,43.82
Baxter,P7_i5.pddl,1,false,,,,8.51,
Baxter,P7_i5.pddl,2,false,,,,11.76,
Baxter,P7_i5.pddl,3,false,,,,12.80,
Baxter,P7_i5.pddl,5,false,,,,12.78,
Baxter,P7_i5.pddl,10,false,,,,8.69,
Baxter,P7_i5.pddl,20,false,,,,8.76,
Baxter,P7_i5.pddl,30,false,,,,13.64,
Baxter,P7_i5.pddl,50,true,1300399,1424374,158.00,9.62,255.40
Baxter,P7_i5.pddl,100,true,179701,190093,211.00,9.03,45.13
Linear-Generator,instance_1.pddl,1,true,6029213,6531615,1000.00,5.28,135.56
Linear-Generator,instance_1.pddl,2,true,1763983,1890208,1000.00,5.44,62.78
Linear-Generator,instance_1.pddl,3,true,898889,955484,1000.00,5.75,32.09
Linear-Generator,instance_1.pddl,5,true,406889,427385,1000.00,5.45,19.18
Linear-Generator,instance_1.pddl,10,true,154865,160114,1000.00,6.91,12.82
Linear-Generator,instance_1.pddl,20,true,66438,67812,1000.00,6.51,9.78
Linear-Generator,instance_1.pddl,30,true,42716,43375,1000.00,8.32,11.50
Linear-Generator,instance_1.pddl,50,true,25369,25617,1000.00,9.31,11.64
Linear-Generator,instance_1.pddl,100,true,13679,13752,1000.00,8.69,10.97
Linear-Generator,instance_2.pddl,1,false,,,,5.57,
Linear-Generator,instance_2.pddl,2,false,,,,9.23,
Linear-Generator,instance_2.pddl,3,true,4830035,5508308,1000.00,7.18,202.89
Linear-Generator,instance_2.pddl,5,true,1627261,1791097,1000.00,9.12,84.55
Linear-Generator,instance_2.pddl,10,true,464615,496087,1000.00,8.60,25.12
Linear-Generator,instance_2.pddl,20,true,172867,181109,1000.00,7.02,14.11
Linear-Generator,instance_2.pddl,30,true,104269,108195,1000.00,7.60,12.62
Linear-Generator,instance_2.pddl,50,true,57731,59224,1000.00,7.43,10.54
Linear-Generator,instance_2.pddl,100,true,29331,29774,1000.00,6.06,8.04
Linear-Generator,instance_3.pddl,1,false,,,,5.70,
Linear-Generator,instance_3.pddl,2,false,,,,7.00,
Linear-Generator,instance_3.pddl,3,false,,,,6.18,
Linear-Generator,instance_3.pddl,5,true,6505230,7487017,1000.00,7.89,281.17
Linear-Generator,instance_3.pddl,10,true,1393441,1534896,1000.00,6.22,68.30
Linear-Generator,instance_3.pddl,20,true,465668,502714,1000.00,7.59,26.05
Linear-Generator,instance_3.pddl,30,true,265154,282696,1000.00,6.75,18.67
Linear-Generator,instance_3.pddl,50,true,136647,143367,1000.00,7.36,12.84
Linear-Generator,instance_3.pddl,100,true,64619,66617,1000.00,6.38,9.45
Linear-Generator,instance_4.pddl,1,false,,,,5.86,
Linear-Generator,instance_4.pddl,2,false,,,,6.36,
Linear-Generator,instance_4.pddl,3,false,,,,6.26,
Linear-Generator,instance_4.pddl,5,false,,,,6.79,
Linear-Generator,instance_4.pddl,10,true,4177679,4742617,1000.00,6.14,197.92
Linear-Generator,instance_4.pddl,20,true,1290919,1438869,1000.00,6.18,58.20
Linear-Generator,instance_4.pddl,30,true,700361,770137,1000.00,7.30,35.01
Linear-Generator,instance_4.pddl,50,true,336853,363727,1000.00,6.03,19.73
Linear-Generator,instance_4.pddl,100,true,147219,155220,1000.00,6.04,12.10
Linear-Generator,instance_5.pddl,1,false,,,,6.09,
Linear-Generator,instance_5.pddl,2,false,,,,6.49,
Linear-Generator,instance_5.pddl,3,false,,,,6.04,
Linear-Generator,instance_5.pddl,5,false,,,,6.06,
Linear-Generator,instance_5.pddl,10,false,,,,6.04,
Linear-Generator,instance_5.pddl,20,true,3659574,4213320,1000.00,5.99,157.22
Linear-Generator,instance_5.pddl,30,true,1904652,2164636,1000.00,5.95,82.99
Linear-Generator,instance_5.pddl,50,true,863190,963833,1000.00,5.93,40.19
Linear-Generator,instance_5.pddl,100,true,348627,378615,1000.00,6.87,20.65
Linear-Generator,instance_6.pddl,1,false,,,,6.76,
Linear-Generator,instance_6.pddl,2,false,,,,6.07,
Linear-Generator,instance_6.pddl,3,false,,,,6.80,
Linear-Generator,instance_6.pddl,5,false,,,,7.04,
Linear-Generator,instance_6.pddl,10,false,,,,6.97,
Linear-Generator,instance_6.pddl,20,false,,,,6.35,
Linear-Generator,instance_6.pddl,30,false,,,,9.78,
Linear-Generator,instance_6.pddl,50,true,2303600,2665621,1000.01,8.77,140.45
Linear-Generator,instance_6.pddl,100,true,863693,971516,1000.01,7.20,55.44
Linear-Generator,instance_7.pddl,1,false,,,,6.05,
Linear-Generator,instance_7.pddl,2,false,,,,7.91,
Linear-Generator,instance_7.pddl,3,false,,,,8.81,
Linear-Generator,instance_7.pddl,5,false,,,,8.40,
Linear-Generator,instance_7.pddl,10,false,,,,6.48,
Linear-Generator,instance_7.pddl,20,false,,,,6.35,
Linear-Generator,instance_7.pddl,30,false,,,,8.52,
Linear-Generator,instance_7.pddl,50,false,,,,6.24,
Linear-Generator,instance_7.pddl,100,true,2225716,2602662,1000.01,6.02,110.14
Linear-Generator,instance_8.pddl,1,false,,,,6.20,
Linear-Generator,instance_8.pddl,2,false,,,,6.06,
Linear-Generator,instance_8.pddl,3,false,,,,9.49,
Linear-Generator,instance_8.pddl,5,false,,,,13.02,
Linear-Generator,instance_8.pddl,10,false,,,,9.46,
Linear-Generator,instance_8.pddl,20,false,,,,8.34,
Linear-Generator,instance_8.pddl,30,false,,,,7.34,
Linear-Generator,instance_8.pddl,50,false,,,,10.44,
Linear-Generator,instance_8.pddl,100,false,,,,9.57,
Linear-Generator,instance_9.pddl,1,false,,,,6.96,
Linear-Generator,instance_9.pddl,2,false,,,,10.14,
Linear-Generator,instance_9.pddl,3,false,,,,10.00,
Linear-Generator,instance_9.pddl,5,false,,,,11.46,
Linear-Generator,instance_9.pddl,10,false,,,,9.75,
Linear-Generator,instance_9.pddl,20,false,,,,7.76,
Linear-Generator,instance_9.pddl,30,false,,,,6.41,
Linear-Generator,instance_9.pddl,50,false,,,,6.41,
Linear-Generator,instance_9.pddl,100,false,,,,6.46,
Linear-Generator,instance_10.pddl,1,false,,,,6.29,
Linear-Generator,instance_10.pddl,2,false,,,,6.44,
Linear-Generator,instance_10.pddl,3,false,,,,6.46,
Linear-Generator,instance_10.pddl,5,false,,,,6.95,
Linear-Generator,instance_10.pddl,10,false,,,,6.44,
Linear-Generator,instance_10.pddl,20,false,,,,6.40,
Linear-Generator,instance_10.pddl,30,false,,,,6.45,
Linear-Generator,instance_10.pddl,50,false,,,,6.48,
Linear-Generator,instance_10.pddl,100,false,,,,6.47,
Descent,prob_earth01.pddl,1,true,698,797,7.00,4.21,5.47
Descent,prob_earth01.pddl,2,true,694,800,10.00,5.25,6.95
Descent,prob_earth01.pddl,3,true,20329,23485,33.01,4.36,6.08
Descent,prob_earth01.pddl,5,false,,,,5.01,
Descent,prob_earth01.pddl,10,false,,,,4.22,
Descent,prob_earth01.pddl,20,false,,,,4.15,
Descent,prob_earth01.pddl,30,false,,,,4.26,
Descent,prob_earth01.pddl,50,false,,,,4.24,
Descent,prob_earth01.pddl,100,false,,,,4.25,
Descent,prob_earth02.pddl,1,true,24768,30675,12.00,4.27,5.97
Descent,prob_earth02.pddl,2,true,4356,5146,16.00,4.24,5.59
Descent,prob_earth02.pddl,3,true,60060,70140,39.00,4.13,6.78
Descent,prob_earth02.pddl,5,true,2163,2395,30.01,4.03,5.32
Descent,prob_earth02.pddl,10,false,,,,4.22,
Descent,prob_earth02.pddl,20,false,,,,4.12,
Descent,prob_earth02.pddl,30,false,,,,4.13,
Descent,prob_earth02.pddl,50,false,,,,4.17,
Descent,prob_earth02.pddl,100,false,,,,4.13,
Descent,prob_earth03.pddl,1,true,108891,135626,15.00,5.57,9.81
Descent,prob_earth03.pddl,2,true,8527,10098,18.00,4.15,5.57
Descent,prob_earth03.pddl,3,true,7806,8978,24.01,4.06,5.47
Descent,prob_earth03.pddl,5,false,,,,4.06,
Descent,prob_earth03.pddl,10,false,,,,4.65,
Descent,prob_earth03.pddl,20,false,,,,4.15,
Descent,prob_earth03.pddl,30,false,,,,4.16,
Descent,prob_earth03.pddl,50,false,,,,4.18,
Descent,prob_earth03.pddl,100,false,,,,4.36,
Descent,prob_earth04.pddl,1,true,289014,361099,17.00,4.90,13.54
Descent,prob_earth04.pddl,2,true,15872,18789,20.00,4.12,5.71
Descent,prob_earth04.pddl,3,true,138985,162148,42.00,4.06,8.53
Descent,prob_earth04.pddl,5,true,2355,2570,30.00,4.07,5.38
Descent,prob_earth04.pddl,10,false,,,,4.07,
Descent,prob_earth04.pddl,20,false,,,,4.15,
Descent,prob_earth04.pddl,30,false,,,,4.18,
Descent,prob_earth04.pddl,50,false,,,,4.13,
Descent,prob_earth04.pddl,100,false,,,,4.16,
Descent,prob_earth05.pddl,1,true,1177949,1488322,20.00,4.58,24.79
Descent,prob_earth05.pddl,2,true,28897,34244,22.00,4.77,6.73
Descent,prob_earth05.pddl,3,true,92731,108178,39.00,4.18,7.75
Descent,prob_earth05.pddl,5,false,,,,5.19,
Descent,prob_earth05.pddl,10,false,,,,4.28,
Descent,prob_earth05.pddl,20,false,,,,4.79,
Descent,prob_earth05.pddl,30,false,,,,4.22,
Descent,prob_earth05.pddl,50,false,,,,4.22,
Descent,prob_earth05.pddl,100,false,,,,4.19,
Descent,prob_earth06.pddl,1,true,4582855,5894409,23.00,4.08,82.51
Descent,prob_earth06.pddl,2,true,87427,104113,26.00,4.16,7.34
Descent,prob_earth06.pddl,3,true,51263,59230,33.01,4.04,6.50
Descent,prob_earth06.pddl,5,false,,,,4.02,
Descent,prob_earth06.pddl,10,false,,,,4.16,
Descent,prob_earth06.pddl,20,false,,,,4.12,
Descent,prob_earth06.pddl,30,false,,,,4.19,
Descent,prob_earth06.pddl,50,false,,,,4.11,
Descent,prob_earth06.pddl,100,false,,,,4.15,
Descent,prob_earth07.pddl,1,true,11010172,14385756,25.00,4.11,184.05
Descent,prob_earth07.pddl,2,true,155038,184768,28.00,4.14,8.85
Descent,prob_earth07.pddl,3,true,156832,181823,39.01,4.06,8.88
Descent,prob_earth07.pddl,5,false,,,,4.21,
Descent,prob_earth07.pddl,10,false,,,,4.12,
Descent,prob_earth07.pddl,20,false,,,,4.16,
Descent,prob_earth07.pddl,30,false,,,,4.16,
Descent,prob_earth07.pddl,50,false,,,,4.11,
Descent,prob_earth07.pddl,100,false,,,,8.65,
Descent,prob_earth08.pddl,1,false,,,,6.72,
Descent,prob_earth08.pddl,2,true,273970,326673,30.00,5.51,14.60
Descent,prob_earth08.pddl,3,true,23498,27060,30.00,4.34,6.33
Descent,prob_earth08.pddl,5,false,,,,4.67,
Descent,prob_earth08.pddl,10,false,,,,5.30,
Descent,prob_earth08.pddl,20,false,,,,4.45,
Descent,prob_earth08.pddl,30,false,,,,4.08,
Descent,prob_earth08.pddl,50,false,,,,4.10,
Descent,prob_earth08.pddl,100,false,,,,4.12,
Descent,prob_earth09.pddl,1,false,,,,4.91,
Descent,prob_earth09.pddl,2,true,477777,570369,32.00,6.32,24.92
Descent,prob_earth09.pddl,3,true,300665,349677,42.01,5.87,18.57
Descent,prob_earth09.pddl,5,false,,,,5.97,
Descent,prob_earth09.pddl,10,false,,,,4.11,
Descent,prob_earth09.pddl,20,false,,,,4.09,
Descent,prob_earth09.pddl,30,false,,,,4.40,
Descent,prob_earth09.pddl,50,false,,,,4.46,
Descent,prob_earth09.pddl,100,false,,,,4.41,
Descent,prob_earth10.pddl,1,false,,,,5.07,
Descent,prob_earth10.pddl,2,true,494379,589036,32.00,4.41,17.32
Descent,prob_earth10.pddl,3,true,131224,152381,39.00,4.32,8.96
Descent,prob_earth10.pddl,5,false,,,,4.33,
Descent,prob_earth10.pddl,10,false,,,,4.43,
Descent,prob_earth10.pddl,20,false,,,,4.53,
Descent,prob_earth10.pddl,30,false,,,,4.42,
Descent,prob_earth10.pddl,50,false,,,,4.41,
Descent,prob_earth10.pddl,100,false,,,,4.42,
Descent,prob_earth11.pddl,1,false,,,,4.14,
Descent,prob_earth11.pddl,2,true,2420944,2902536,36.01,4.41,63.30
Descent,prob_earth11.pddl,3,true,549997,648072,45.01,4.32,19.13
Descent,prob_earth11.pddl,5,false,,,,4.36,
Descent,prob_earth11.pddl,10,false,,,,4.42,
Descent,prob_earth11.pddl,20,false,,,,4.44,
Descent,prob_earth11.pddl,30,false,,,,9.81,
Descent,prob_earth11.pddl,50,false,,,,6.23,
Descent,prob_earth11.pddl,100,false,,,,4.74,
Descent,prob_earth12.pddl,1,false,,,,5.89,
Descent,prob_earth12.pddl,2,true,4147598,4980537,40.00,5.02,119.63
Descent,prob_earth12.pddl,3,true,140700,163077,39.00,4.43,9.33
Descent,prob_earth12.pddl,5,false,,,,4.42,
Descent,prob_earth12.pddl,10,false,,,,5.50,
Descent,prob_earth12.pddl,20,false,,,,5.33,
Descent,prob_earth12.pddl,30,false,,,,4.46,
Descent,prob_earth12.pddl,50,false,,,,7.86,
Descent,prob_earth12.pddl,100,false,,,,5.65,
Descent,prob_earth13.pddl,1,false,,,,3.94,
Descent,prob_earth13.pddl,2,true,7104548,8543342,42.00,4.99,207.85
Descent,prob_earth13.pddl,3,true,1235183,1512019,48.01,4.83,45.44
Descent,prob_earth13.pddl,5,false,,,,5.71,
Descent,prob_earth13.pddl,10,false,,,,4.37,
Descent,prob_earth13.pddl,20,false,,,,4.42,
Descent,prob_earth13.pddl,30,false,,,,4.43,
Descent,prob_earth13.pddl,50,false,,,,4.41,
Descent,prob_earth13.pddl,100,false,,,,4.36,
Descent,prob_earth14.pddl,1,false,,,,4.20,
Descent,prob_earth14.pddl,2,true,12096633,14581345,42.01,4.41,296.22
Descent,prob_earth14.pddl,3,true,370022,428915,42.01,4.47,15.07
Descent,prob_earth14.pddl,5,false,,,,4.38,
Descent,prob_earth14.pddl,10,false,,,,4.48,
Descent,prob_earth14.pddl,20,false,,,,4.46,
Descent,prob_earth14.pddl,30,false,,,,4.49,
Descent,prob_earth14.pddl,50,false,,,,4.42,
Descent,prob_earth14.pddl,100,false,,,,4.44,
Descent,prob_earth15.pddl,1,false,,,,4.32,
Descent,prob_earth15.pddl,2,true,4500837,5386353,40.00,4.45,113.86
Descent,prob_earth15.pddl,3,true,1517887,1870168,51.01,4.33,40.40
Descent,prob_earth15.pddl,5,false,,,,4.32,
Descent,prob_earth15.pddl,10,false,,,,4.41,
Descent,prob_earth15.pddl,20,false,,,,4.35,
Descent,prob_earth15.pddl,30,false,,,,5.99,
Descent,prob_earth15.pddl,50,false,,,,5.57,
Descent,prob_earth15.pddl,100,false,,,,7.00,
Descent,prob_earth16.pddl,1,false,,,,4.31,
Descent,prob_earth16.pddl,2,true,4582873,5479415,40.00,4.44,135.46
Descent,prob_earth16.pddl,3,true,465418,541036,45.00,5.00,17.38
Descent,prob_earth16.pddl,5,false,,,,4.19,
Descent,prob_earth16.pddl,10,false,,,,5.78,
Descent,prob_earth16.pddl,20,false,,,,7.54,
Descent,prob_earth16.pddl,30,false,,,,7.63,
Descent,prob_earth16.pddl,50,false,,,,4.45,
Descent,prob_earth16.pddl,100,false,,,,4.51,
Descent,prob_earth17.pddl,1,false,,,,5.13,
Descent,prob_earth17.pddl,2,true,4647877,5552134,40.00,5.30,132.67
Descent,prob_earth17.pddl,3,true,396910,459296,42.01,4.71,16.85
Descent,prob_earth17.pddl,5,false,,,,6.08,
Descent,prob_earth17.pddl,10,false,,,,4.22,
Descent,prob_earth17.pddl,20,false,,,,4.36,
Descent,prob_earth17.pddl,30,false,,,,4.25,
Descent,prob_earth17.pddl,50,false,,,,4.69,
Descent,prob_earth17.pddl,100,false,,,,4.53,
Descent,prob_earth18.pddl,1,false,,,,6.26,
Descent,prob_earth18.pddl,2,true,4699682,5609629,40.00,4.59,125.58
Descent,prob_earth18.pddl,3,true,1090318,1327075,48.01,4.39,32.15
Descent,prob_earth18.pddl,5,false,,,,4.37,
Descent,prob_earth18.pddl,10,false,,,,5.53,
Descent,prob_earth18.pddl,20,false,,,,4.63,
Descent,prob_earth18.pddl,30,false,,,,4.50,
Descent,prob_earth18.pddl,50,false,,,,4.36,
Descent,prob_earth18.pddl,100,false,,,,5.10,
Descent,prob_earth19.pddl,1,false,,,,4.25,
Descent,prob_earth19.pddl,2,true,8039290,9614169,42.00,5.13,238.54
Descent,prob_earth19.pddl,3,true,699326,821567,45.01,4.45,25.15
Descent,prob_earth19.pddl,5,false,,,,4.68,
Descent,prob_earth19.pddl,10,false,,,,5.32,
Descent,prob_earth19.pddl,20,false,,,,6.54,
Descent,prob_earth19.pddl,30,false,,,,7.66,
Descent,prob_earth19.pddl,50,false,,,,3.98,
Descent,prob_earth19.pddl,100,false,,,,4.19,
Descent,prob_earth20.pddl,1,false,,,,5.45,
Descent,prob_earth20.pddl,2,true,8113359,9696847,42.00,3.98,180.79
Descent,prob_earth20.pddl,3,true,1309691,1592472,51.00,3.94,32.28
Descent,prob_earth20.pddl,5,false,,,,3.92,
Descent,prob_earth20.pddl,10,false,,,,4.02,
Descent,prob_earth20.pddl,20,false,,,,4.01,
Descent,prob_earth20.pddl,30,false,,,,4.04,
Descent,prob_earth20.pddl,50,false,,,,4.02,
Descent,prob_earth20.pddl,100,false,,,,4.00,
HVAC,instance_1_1.pddl,1,true,12658,28972,10.01,10.46,13.29
HVAC,instance_1_1.pddl,2,true,6179,12325,10.01,5.56,7.07
HVAC,instance_1_1.pddl,3,false,,,,6.47,
HVAC,instance_1_1.pddl,5,true,2307,3875,10.01,5.43,6.90
HVAC,instance_1_1.pddl,10,true,1539,2281,10.01,5.45,6.81
HVAC,instance_1_1.pddl,20,false,,,,5.26,
HVAC,instance_1_1.pddl,30,false,,,,5.15,
HVAC,instance_1_1.pddl,50,false,,,,5.24,
HVAC,instance_1_1.pddl,100,false,,,,5.25,
HVAC,instance_1_2.pddl,1,true,127360,242471,20.01,5.59,9.20
HVAC,instance_1_2.pddl,2,true,76976,133215,20.01,5.48,8.00
HVAC,instance_1_2.pddl,3,false,,,,5.63,
HVAC,instance_1_2.pddl,5,true,27798,45228,20.01,5.56,7.42
HVAC,instance_1_2.pddl,10,true,16311,25320,20.01,5.68,7.25
HVAC,instance_1_2.pddl,20,false,,,,5.47,
HVAC,instance_1_2.pddl,30,false,,,,7.45,
HVAC,instance_1_2.pddl,50,false,,,,6.87,
HVAC,instance_1_2.pddl,100,false,,,,7.26,
HVAC,instance_1_3.pddl,1,true,505566,840045,30.01,9.24,19.87
HVAC,instance_1_3.pddl,2,true,393361,589499,30.02,6.94,15.23
HVAC,instance_1_3.pddl,3,false,,,,6.91,
HVAC,instance_1_3.pddl,5,true,118335,174024,30.01,6.49,9.96
HVAC,instance_1_3.pddl,10,true,68374,96406,30.02,6.17,9.10
HVAC,instance_1_3.pddl,20,false,,,,6.28,
HVAC,instance_1_3.pddl,30,false,,,,6.50,
HVAC,instance_1_3.pddl,50,false,,,,6.43,
HVAC,instance_1_3.pddl,100,false,,,,6.49,
HVAC,instance_1_4.pddl,1,true,1669442,2583212,40.01,7.89,27.96
HVAC,instance_1_4.pddl,2,true,1148470,1645896,40.02,6.56,27.00
HVAC,instance_1_4.pddl,3,false,,,,6.89,
HVAC,instance_1_4.pddl,5,true,405702,566298,40.01,6.51,14.86
HVAC,instance_1_4.pddl,10,true,252050,340931,40.02,6.47,12.90
HVAC,instance_1_4.pddl,20,false,,,,6.38,
HVAC,instance_1_4.pddl,30,false,,,,6.46,
HVAC,instance_1_4.pddl,50,false,,,,6.41,
HVAC,instance_1_4.pddl,100,false,,,,6.70,
HVAC,instance_1_5.pddl,1,true,3554061,5349687,50.01,5.01,37.69
HVAC,instance_1_5.pddl,2,true,2879845,4007090,50.02,6.72,55.99
HVAC,instance_1_5.pddl,3,false,,,,6.57,
HVAC,instance_1_5.pddl,5,true,862785,1178169,50.01,6.53,22.27
HVAC,instance_1_5.pddl,10,true,521654,695904,50.02,6.93,17.57
HVAC,instance_1_5.pddl,20,false,,,,6.82,
HVAC,instance_1_5.pddl,30,false,,,,6.68,
HVAC,instance_1_5.pddl,50,false,,,,6.62,
HVAC,instance_1_5.pddl,100,false,,,,6.59,
HVAC,instance_1_6.pddl,1,true,8225246,12188972,60.02,9.44,113.61
HVAC,instance_1_6.pddl,2,true,6907549,9502936,60.02,6.52,121.14
HVAC,instance_1_6.pddl,3,false,,,,6.55,
HVAC,instance_1_6.pddl,5,true,2010757,2711453,60.02,6.44,40.62
HVAC,instance_1_6.pddl,10,true,1253838,1650212,60.02,6.35,29.17
HVAC,instance_1_6.pddl,20,false,,,,6.46,
HVAC,instance_1_6.pddl,30,false,,,,6.47,
HVAC,instance_1_6.pddl,50,false,,,,6.53,
HVAC,instance_1_6.pddl,100,false,,,,7.10,
HVAC,instance_1_7.pddl,1,true,18442040,27021301,70.02,5.98,226.22
HVAC,instance_1_7.pddl,2,true,15900436,21684069,70.03,6.83,274.29
HVAC,instance_1_7.pddl,3,false,,,,6.71,
HVAC,instance_1_7.pddl,5,true,4489445,6004017,70.02,5.74,82.79
HVAC,instance_1_7.pddl,10,true,2879705,3765625,70.03,7.23,62.70
HVAC,instance_1_7.pddl,20,false,,,,5.97,
HVAC,instance_1_7.pddl,30,false,,,,6.06,
HVAC,instance_1_7.pddl,50,false,,,,7.14,
HVAC,instance_1_7.pddl,100,false,,,,6.63,
HVAC,instance_1_8.pddl,1,false,,,,9.52,
HVAC,instance_1_8.pddl,2,false,,,,5.71,
HVAC,instance_1_8.pddl,3,false,,,,5.52,
HVAC,instance_1_8.pddl,5,true,9876425,13154153,80.02,5.46,165.21
HVAC,instance_1_8.pddl,10,true,6539534,8489166,80.03,6.59,125.46
HVAC,instance_1_8.pddl,20,false,,,,6.19,
HVAC,instance_1_8.pddl,30,false,,,,5.75,
HVAC,instance_1_8.pddl,50,false,,,,5.56,
HVAC,instance_1_8.pddl,100,false,,,,5.45,
HVAC,instance_1_9.pddl,1,false,,,,13.42,
HVAC,instance_1_9.pddl,2,false,,,,5.83,
HVAC,instance_1_9.pddl,3,false,,,,5.56,
HVAC,instance_1_9.pddl,5,false,,,,5.66,
HVAC,instance_1_9.pddl,10,true,14695697,19047260,90.03,5.50,239.92
HVAC,instance_1_9.pddl,20,false,,,,5.61,
HVAC,instance_1_9.pddl,30,false,,,,5.71,
HVAC,instance_1_9.pddl,50,false,,,,5.62,
HVAC,instance_1_9.pddl,100,false,,,,5.76,
HVAC,instance_1_10.pddl,1,false,,,,10.82,
HVAC,instance_1_10.pddl,2,false,,,,5.72,
HVAC,instance_1_10.pddl,3,false,,,,5.69,
HVAC,instance_1_10.pddl,5,false,,,,5.76,
HVAC,instance_1_10.pddl,10,false,,,,5.47,
HVAC,instance_1_10.pddl,20,false,,,,5.97,
HVAC,instance_1_10.pddl,30,false,,,,5.63,
HVAC,instance_1_10.pddl,50,false,,,,5.76,
HVAC,instance_1_10.pddl,100,false,,,,5.60,
HVAC,instance_1_11.pddl,1,false,,,,10.23,
HVAC,instance_1_11.pddl,2,false,,,,6.26,
HVAC,instance_1_11.pddl,3,false,,,,5.80,
HVAC,instance_1_11.pddl,5,false,,,,5.87,
HVAC,instance_1_11.pddl,10,false,,,,5.97,
HVAC,instance_1_11.pddl,20,false,,,,5.74,
HVAC,instance_1_11.pddl,30,false,,,,5.64,
HVAC,instance_1_11.pddl,50,false,,,,5.60,
HVAC,instance_1_11.pddl,100,false,,,,5.62,
HVAC,instance_1_12.pddl,1,false,,,,6.86,
HVAC,instance_1_12.pddl,2,false,,,,5.92,
HVAC,instance_1_12.pddl,3,false,,,,5.99,
HVAC,instance_1_12.pddl,5,false,,,,6.13,
HVAC,instance_1_12.pddl,10,false,,,,5.73,
HVAC,instance_1_12.pddl,20,false,,,,5.81,
HVAC,instance_1_12.pddl,30,false,,,,5.84,
HVAC,instance_1_12.pddl,50,false,,,,5.65,
HVAC,instance_1_12.pddl,100,false,,,,6.21,
HVAC,instance_1_13.pddl,1,false,,,,5.79,
HVAC,instance_1_13.pddl,2,false,,,,5.81,
HVAC,instance_1_13.pddl,3,false,,,,5.65,
HVAC,instance_1_13.pddl,5,false,,,,5.85,
HVAC,instance_1_13.pddl,10,false,,,,5.66,
HVAC,instance_1_13.pddl,20,false,,,,5.81,
HVAC,instance_1_13.pddl,30,false,,,,5.80,
HVAC,instance_1_13.pddl,50,false,,,,5.94,
HVAC,instance_1_13.pddl,100,false,,,,6.40,
HVAC,instance_1_14.pddl,1,false,,,,5.71,
HVAC,instance_1_14.pddl,2,false,,,,5.82,
HVAC,instance_1_14.pddl,3,false,,,,5.75,
HVAC,instance_1_14.pddl,5,false,,,,6.25,
HVAC,instance_1_14.pddl,10,false,,,,6.10,
HVAC,instance_1_14.pddl,20,false,,,,5.80,
HVAC,instance_1_14.pddl,30,false,,,,5.73,
HVAC,instance_1_14.pddl,50,false,,,,5.77,
HVAC,instance_1_14.pddl,100,false,,,,5.69,
HVAC,instance_1_15.pddl,1,false,,,,11.84,
HVAC,instance_1_15.pddl,2,false,,,,5.89,
HVAC,instance_1_15.pddl,3,false,,,,5.92,
HVAC,instance_1_15.pddl,5,false,,,,5.86,
HVAC,instance_1_15.pddl,10,false,,,,5.79,
HVAC,instance_1_15.pddl,20,false,,,,5.95,
HVAC,instance_1_15.pddl,30,false,,,,7.16,
HVAC,instance_1_15.pddl,50,false,,,,6.99,
HVAC,instance_1_15.pddl,100,false,,,,6.97,
HVAC,instance_1_16.pddl,1,false,,,,9.90,
HVAC,instance_1_16.pddl,2,false,,,,7.08,
HVAC,instance_1_16.pddl,3,false,,,,6.96,
HVAC,instance_1_16.pddl,5,false,,,,7.08,
HVAC,instance_1_16.pddl,10,false,,,,7.01,
HVAC,instance_1_16.pddl,20,false,,,,7.52,
HVAC,instance_1_16.pddl,30,false,,,,7.03,
HVAC,instance_1_16.pddl,50,false,,,,7.06,
HVAC,instance_1_16.pddl,100,false,,,,7.02,
HVAC,instance_1_17.pddl,1,false,,,,10.75,
HVAC,instance_1_17.pddl,2,false,,,,7.09,
HVAC,instance_1_17.pddl,3,false,,,,7.18,
HVAC,instance_1_17.pddl,5,false,,,,7.02,
HVAC,instance_1_17.pddl,10,false,,,,7.13,
HVAC,instance_1_17.pddl,20,false,,,,7.05,
HVAC,instance_1_17.pddl,30,false,,,,6.97,
HVAC,instance_1_17.pddl,50,false,,,,7.02,
HVAC,instance_1_17.pddl,100,false,,,,7.15,
HVAC,instance_1_18.pddl,1,false,,,,7.06,
HVAC,instance_1_18.pddl,2,false,,,,6.81,
HVAC,instance_1_18.pddl,3,false,,,,6.44,
HVAC,instance_1_18.pddl,5,false,,,,6.84,
HVAC,instance_1_18.pddl,10,false,,,,6.42,
HVAC,instance_1_18.pddl,20,false,,,,6.63,
HVAC,instance_1_18.pddl,30,false,,,,6.48,
HVAC,instance_1_18.pddl,50,false,,,,6.52,
HVAC,instance_1_18.pddl,100,false,,,,6.50,
HVAC,instance_1_19.pddl,1,false,,,,5.43,
HVAC,instance_1_19.pddl,2,false,,,,6.53,
HVAC,instance_1_19.pddl,3,false,,,,6.67,
HVAC,instance_1_19.pddl,5,false,,,,6.59,
HVAC,instance_1_19.pddl,10,false,,,,6.39,
HVAC,instance_1_19.pddl,20,false,,,,6.92,
HVAC,instance_1_19.pddl,30,false,,,,6.62,
HVAC,instance_1_19.pddl,50,false,,,,6.75,
HVAC,instance_1_19.pddl,100,false,,,,6.58,
HVAC,instance_1_20.pddl,1,false,,,,6.74,
HVAC,instance_1_20.pddl,2,false,,,,6.65,
HVAC,instance_1_20.pddl,3,false,,,,6.50,
HVAC,instance_1_20.pddl,5,false,,,,6.61,
HVAC,instance_1_20.pddl,10,false,,,,6.73,
HVAC,instance_1_20.pddl,20,false,,,,6.54,
HVAC,instance_1_20.pddl,30,false,,,,6.57,
HVAC,instance_1_20.pddl,50,false,,,,6.51,
HVAC,instance_1_20.pddl,100,false,,,,6.67,
